/*
SQLyog Community v9.0 RC
MySQL - 5.5.20 : Database - yeying
*********************************************************************
*/

/*!40101 SET NAMES utf8 */;

/*!40101 SET SQL_MODE=''*/;

/*!40014 SET @OLD_UNIQUE_CHECKS=@@UNIQUE_CHECKS, UNIQUE_CHECKS=0 */;
/*!40014 SET @OLD_FOREIGN_KEY_CHECKS=@@FOREIGN_KEY_CHECKS, FOREIGN_KEY_CHECKS=0 */;
/*!40101 SET @OLD_SQL_MODE=@@SQL_MODE, SQL_MODE='NO_AUTO_VALUE_ON_ZERO' */;
/*!40111 SET @OLD_SQL_NOTES=@@SQL_NOTES, SQL_NOTES=0 */;
CREATE DATABASE /*!32312 IF NOT EXISTS*/`yeying` /*!40100 DEFAULT CHARACTER SET gbk */;

USE `yeying`;

/*Table structure for table `wj_admins` */

DROP TABLE IF EXISTS `wj_admins`;

CREATE TABLE `wj_admins` (
  `username` varchar(20) DEFAULT NULL,
  `password` varchar(30) DEFAULT NULL
) ENGINE=InnoDB DEFAULT CHARSET=utf8;

/*Data for the table `wj_admins` */

insert  into `wj_admins`(`username`,`password`) values ('yeying','232F297A57A5A743894A0E4A801FC3'),('明云龙','232F297A57A5A743894A0E4A801FC3');

/*Table structure for table `wj_answer` */

DROP TABLE IF EXISTS `wj_answer`;

CREATE TABLE `wj_answer` (
  `answerId` int(11) NOT NULL AUTO_INCREMENT COMMENT '答案Id',
  `replayId` int(11) NOT NULL COMMENT '回答者Id',
  `oid` int(11) NOT NULL COMMENT '回复主题Id',
  `qSeq` int(11) DEFAULT NULL COMMENT '问题序号',
  `seSeq` int(11) DEFAULT NULL COMMENT '选项序号',
  `seValue` varchar(1000) DEFAULT NULL COMMENT '选项内容',
  `remark` varchar(200) DEFAULT NULL COMMENT '备注',
  PRIMARY KEY (`answerId`)
) ENGINE=InnoDB AUTO_INCREMENT=11 DEFAULT CHARSET=utf8;

/*Data for the table `wj_answer` */

insert  into `wj_answer`(`answerId`,`replayId`,`oid`,`qSeq`,`seSeq`,`seValue`,`remark`) values (9,3,48,1,2,'2',NULL),(10,4,48,1,3,'3',NULL);

/*Table structure for table `wj_major` */

DROP TABLE IF EXISTS `wj_major`;

CREATE TABLE `wj_major` (
  `mid` smallint(6) NOT NULL AUTO_INCREMENT,
  `name` text NOT NULL,
  `date` timestamp NOT NULL DEFAULT CURRENT_TIMESTAMP,
  `valid` smallint(6) DEFAULT '1',
  PRIMARY KEY (`mid`)
) ENGINE=InnoDB AUTO_INCREMENT=10 DEFAULT CHARSET=utf8;

/*Data for the table `wj_major` */

insert  into `wj_major`(`mid`,`name`,`date`,`valid`) values (0,'空','2015-11-16 13:22:58',0),(7,'班级1','2015-11-16 14:09:51',1),(8,'班级1','2015-11-16 14:12:56',0),(9,'班级2','2015-11-16 14:13:11',1);

/*Table structure for table `wj_object` */

DROP TABLE IF EXISTS `wj_object`;

CREATE TABLE `wj_object` (
  `oid` int(11) NOT NULL AUTO_INCREMENT,
  `title` varchar(1000) DEFAULT NULL,
  `discribe` varchar(1000) DEFAULT NULL,
  `createtime` timestamp NOT NULL DEFAULT CURRENT_TIMESTAMP,
  `state` int(11) DEFAULT NULL,
  `remark` varchar(200) DEFAULT NULL,
  `anonymousFlag` char(1) DEFAULT NULL COMMENT '是否匿名投递',
  PRIMARY KEY (`oid`)
) ENGINE=InnoDB AUTO_INCREMENT=50 DEFAULT CHARSET=utf8;

/*Data for the table `wj_object` */

insert  into `wj_object`(`oid`,`title`,`discribe`,`createtime`,`state`,`remark`,`anonymousFlag`) values (46,'`lim_(x->oo)` `int_0^1 f(x)dx`','`sum_(i=1)^n i^3=((n(n+1))/2)^2\r\n		`','2015-09-10 13:34:37',1,NULL,'1'),(47,'问卷的主题','问卷的描述','2015-11-05 13:00:17',0,NULL,'1'),(48,'xin',' 啊对方','2015-11-22 23:24:39',1,NULL,'1'),(49,NULL,NULL,'2015-12-01 12:14:20',NULL,NULL,NULL);

/*Table structure for table `wj_point` */

DROP TABLE IF EXISTS `wj_point`;

CREATE TABLE `wj_point` (
  `content` text NOT NULL,
  `date` timestamp NOT NULL DEFAULT CURRENT_TIMESTAMP,
  `pid` int(11) NOT NULL AUTO_INCREMENT,
  `valid` int(11) DEFAULT '1',
  PRIMARY KEY (`pid`)
) ENGINE=InnoDB AUTO_INCREMENT=6 DEFAULT CHARSET=utf8;

/*Data for the table `wj_point` */

insert  into `wj_point`(`content`,`date`,`pid`,`valid`) values ('第一个知识点','2015-06-16 10:11:42',1,0),('知识点三','2015-06-17 12:58:05',3,1),('知识点4','2015-06-17 12:58:13',4,1),('546541661','2015-09-11 17:12:50',5,1);

/*Table structure for table `wj_qdlist` */

DROP TABLE IF EXISTS `wj_qdlist`;

CREATE TABLE `wj_qdlist` (
  `qdId` int(11) NOT NULL AUTO_INCREMENT,
  `qdCode` varchar(90) DEFAULT NULL,
  `qdIp` varchar(90) DEFAULT NULL,
  `qid` int(11) DEFAULT NULL,
  `qdTime` timestamp NOT NULL DEFAULT CURRENT_TIMESTAMP,
  PRIMARY KEY (`qdId`)
) ENGINE=InnoDB AUTO_INCREMENT=10 DEFAULT CHARSET=gbk;

/*Data for the table `wj_qdlist` */

insert  into `wj_qdlist`(`qdId`,`qdCode`,`qdIp`,`qid`,`qdTime`) values (4,'1','2',3,'2015-12-01 12:38:05'),(6,'M201470096','0:0:0:0:0:0:0:1',10,'2015-12-01 12:45:16'),(7,'M201470097','0:0:0:0:0:0:0:1',10,'2015-12-01 12:50:54'),(8,'M201470096','0:0:0:0:0:0:0:1',10,'2015-12-01 12:53:51'),(9,'M201470096','0:0:0:0:0:0:0:1',11,'2015-12-01 13:12:55');

/*Table structure for table `wj_qiandao` */

DROP TABLE IF EXISTS `wj_qiandao`;

CREATE TABLE `wj_qiandao` (
  `qid` int(11) NOT NULL AUTO_INCREMENT,
  `createtime` timestamp NOT NULL DEFAULT CURRENT_TIMESTAMP ON UPDATE CURRENT_TIMESTAMP,
  `state` int(11) DEFAULT NULL,
  `creater` varchar(60) DEFAULT NULL,
  PRIMARY KEY (`qid`)
) ENGINE=InnoDB AUTO_INCREMENT=12 DEFAULT CHARSET=gbk;

/*Data for the table `wj_qiandao` */

insert  into `wj_qiandao`(`qid`,`createtime`,`state`,`creater`) values (8,'2015-11-30 14:15:47',2,'yeying'),(9,'2015-11-30 15:49:27',2,'yeying'),(10,'2015-12-01 13:12:12',2,'yeying'),(11,'2015-12-01 13:13:18',2,'yeying');

/*Table structure for table `wj_qpoints` */

DROP TABLE IF EXISTS `wj_qpoints`;

CREATE TABLE `wj_qpoints` (
  `oid` int(11) NOT NULL,
  `seq` int(11) NOT NULL,
  `point` int(11) DEFAULT NULL
) ENGINE=InnoDB DEFAULT CHARSET=gbk;

/*Data for the table `wj_qpoints` */

insert  into `wj_qpoints`(`oid`,`seq`,`point`) values (35,2,3),(35,8,1),(35,8,3),(35,5,3),(35,5,4),(45,2,3),(47,1,3),(46,2,1),(46,2,3),(46,2,4),(46,2,5),(46,3,1),(46,3,5),(47,1,3),(47,1,4),(48,1,3),(48,1,4),(48,1,5);

/*Table structure for table `wj_question` */

DROP TABLE IF EXISTS `wj_question`;

CREATE TABLE `wj_question` (
  `oid` int(11) DEFAULT NULL,
  `content` varchar(1000) DEFAULT NULL,
  `qtype` int(11) DEFAULT NULL,
  `seq` int(11) DEFAULT NULL,
  `remark` varchar(20) DEFAULT NULL,
  `point` int(11) DEFAULT '0'
) ENGINE=InnoDB DEFAULT CHARSET=utf8;

/*Data for the table `wj_question` */

insert  into `wj_question`(`oid`,`content`,`qtype`,`seq`,`remark`,`point`) values (46,'第二题',0,2,NULL,5),(46,'第三题',0,3,NULL,5),(47,'321321',0,1,NULL,5),(46,'`lim_(x->oo)int_0^1 f(x)dx`的结果是什么？',1,1,NULL,4),(48,'啊发',0,1,NULL,5);

/*Table structure for table `wj_replay` */

DROP TABLE IF EXISTS `wj_replay`;

CREATE TABLE `wj_replay` (
  `replayId` int(11) NOT NULL AUTO_INCREMENT COMMENT '回复ID',
  `replayCode` varchar(100) NOT NULL COMMENT '回复者代码',
  `replayIp` varchar(100) NOT NULL COMMENT '回复者IP',
  `oid` int(11) NOT NULL COMMENT '主题Id',
  `replayTime` timestamp NOT NULL DEFAULT CURRENT_TIMESTAMP COMMENT '回复时间',
  `remark` varchar(200) DEFAULT NULL COMMENT '备注',
  PRIMARY KEY (`replayId`)
) ENGINE=InnoDB AUTO_INCREMENT=5 DEFAULT CHARSET=utf8 CHECKSUM=1 DELAY_KEY_WRITE=1 ROW_FORMAT=DYNAMIC COMMENT='回复内容表';

/*Data for the table `wj_replay` */

insert  into `wj_replay`(`replayId`,`replayCode`,`replayIp`,`oid`,`replayTime`,`remark`) values (3,'yeying','0:0:0:0:0:0:0:1',48,'2015-11-22 23:27:13',''),(4,'M201470097','0:0:0:0:0:0:0:1',48,'2015-11-22 23:38:09','');

/*Table structure for table `wj_selecter` */

DROP TABLE IF EXISTS `wj_selecter`;

CREATE TABLE `wj_selecter` (
  `oid` int(11) DEFAULT NULL,
  `qseq` int(11) DEFAULT NULL,
  `content` varchar(1000) DEFAULT NULL,
  `selseq` int(11) DEFAULT NULL,
  `remark` varchar(20) DEFAULT NULL,
  `score` int(11) DEFAULT '0'
) ENGINE=InnoDB DEFAULT CHARSET=utf8;

/*Data for the table `wj_selecter` */

insert  into `wj_selecter`(`oid`,`qseq`,`content`,`selseq`,`remark`,`score`) values (46,2,'A',1,NULL,0),(46,2,'V',2,NULL,4),(46,2,'C',3,NULL,4),(46,3,'A',1,NULL,0),(46,3,'B',2,NULL,4),(47,1,'er sdfg ',1,NULL,2),(47,1,'sdfg sd ',2,NULL,4),(46,1,'A。结果是`(a^2*b)/c`',1,NULL,0),(46,1,'B',2,NULL,1),(46,1,'C',3,NULL,2),(46,1,'D',4,NULL,3),(46,1,'E',5,NULL,4),(48,1,'a',1,NULL,4),(48,1,'b',2,NULL,3),(48,1,'c',3,NULL,1),(48,1,'d',4,NULL,4);

/*Table structure for table `wj_students` */

DROP TABLE IF EXISTS `wj_students`;

CREATE TABLE `wj_students` (
  `username` varchar(20) DEFAULT NULL,
  `password` varchar(30) DEFAULT NULL,
  `score` int(11) DEFAULT '0',
  `name` varchar(10) DEFAULT 'name',
  `advice` varchar(100) DEFAULT '尚无',
  `feedback` varchar(100) DEFAULT '无',
  `major` smallint(6) DEFAULT '0'
) ENGINE=InnoDB DEFAULT CHARSET=utf8;

/*Data for the table `wj_students` */

insert  into `wj_students`(`username`,`password`,`score`,`name`,`advice`,`feedback`,`major`) values ('U201213380','232F297A57A5A743894A0E4A801FC3',0,'危雨','无','无',0),('U201017981','232F297A57A5A743894A0E4A801FC3',0,'李墨','无','无',0),('U201210025','232F297A57A5A743894A0E4A801FC3',0,'徐颜','无','无',0),('U201317655','232F297A57A5A743894A0E4A801FC3',0,'何韦翰','无','无',0),('U201317667','232F297A57A5A743894A0E4A801FC3',0,'游千毅','无','无',0),('I201320098','232F297A57A5A743894A0E4A801FC3',0,'丹路克','无','无',0),('U201413257','232F297A57A5A743894A0E4A801FC3',0,'曹园园','无','无',0),('U201413258','232F297A57A5A743894A0E4A801FC3',0,'吴亦舒','无','无',0),('U201413259','232F297A57A5A743894A0E4A801FC3',0,'闫蓓','无','无',0),('U201413260','232F297A57A5A743894A0E4A801FC3',0,'刘士琼','无','无',0),('U201413262','232F297A57A5A743894A0E4A801FC3',0,'李恺健','无','无',0),('U201413263','232F297A57A5A743894A0E4A801FC3',0,'张志鹏','无','无',0),('U201413264','232F297A57A5A743894A0E4A801FC3',0,'江震寰','无','无',0),('U201413265','232F297A57A5A743894A0E4A801FC3',0,'张如','无','无',0),('U201413266','232F297A57A5A743894A0E4A801FC3',0,'赖鹭兴','无','无',0),('U201413267','232F297A57A5A743894A0E4A801FC3',0,'肖嘉民','无','无',0),('U201413268','232F297A57A5A743894A0E4A801FC3',0,'时晓旭','无','无',0),('U201413269','232F297A57A5A743894A0E4A801FC3',0,'史师帅','无','无',0),('U201413270','232F297A57A5A743894A0E4A801FC3',0,'夏圣烜','无','无',0),('U201413273','232F297A57A5A743894A0E4A801FC3',0,'郑天星','无','无',0),('U201413274','232F297A57A5A743894A0E4A801FC3',0,'陈靖','无','无',0),('U201413278','232F297A57A5A743894A0E4A801FC3',0,'朱东福','无','无',0),('U201413279','232F297A57A5A743894A0E4A801FC3',0,'叶强','无','无',0),('U201413280','232F297A57A5A743894A0E4A801FC3',0,'莫周凡','无','无',0),('U201413281','232F297A57A5A743894A0E4A801FC3',0,'何方','无','无',0),('U201413282','232F297A57A5A743894A0E4A801FC3',0,'雷刚','无','无',0),('U201413283','232F297A57A5A743894A0E4A801FC3',0,'郑照明','无','无',0),('U201413612','232F297A57A5A743894A0E4A801FC3',0,'胡益卓','无','无',0),('U201313500','232F297A57A5A743894A0E4A801FC3',0,'邓蔚','无','无',0),('U201413284','232F297A57A5A743894A0E4A801FC3',0,'黄安琪','无','无',0),('U201413285','232F297A57A5A743894A0E4A801FC3',0,'彭紫嫣','无','无',0),('U201413286','232F297A57A5A743894A0E4A801FC3',0,'郑爽','无','无',0),('U201413287','232F297A57A5A743894A0E4A801FC3',0,'刘姮','无','无',0),('U201413288','232F297A57A5A743894A0E4A801FC3',0,'刘越','无','无',0),('U201413289','232F297A57A5A743894A0E4A801FC3',0,'殷明林','无','无',0),('U201413290','232F297A57A5A743894A0E4A801FC3',0,'郭志斌','无','无',0),('U201413291','232F297A57A5A743894A0E4A801FC3',0,'张王优','无','无',0),('U201413293','232F297A57A5A743894A0E4A801FC3',0,'张立成','无','无',0),('U201413294','232F297A57A5A743894A0E4A801FC3',0,'曹率帅','无','无',0),('U201413295','232F297A57A5A743894A0E4A801FC3',0,'从樑臣','无','无',0),('U201413296','232F297A57A5A743894A0E4A801FC3',0,'肖劲轩','无','无',0),('U201413297','232F297A57A5A743894A0E4A801FC3',0,'蒋智超','无','无',0),('U201413298','232F297A57A5A743894A0E4A801FC3',0,'卢应','无','无',0),('U201413299','232F297A57A5A743894A0E4A801FC3',0,'董文浩','无','无',0),('U201413300','232F297A57A5A743894A0E4A801FC3',0,'夏敬武','无','无',0),('U201413303','232F297A57A5A743894A0E4A801FC3',0,'张乔喆','无','无',0),('U201413304','232F297A57A5A743894A0E4A801FC3',0,'刘智','无','无',0),('U201413305','232F297A57A5A743894A0E4A801FC3',0,'张可','无','无',0),('U201413306','232F297A57A5A743894A0E4A801FC3',0,'文帆','无','无',0),('U201413307','232F297A57A5A743894A0E4A801FC3',0,'徐瑞恒','无','无',0),('U201413308','232F297A57A5A743894A0E4A801FC3',0,'申旭东','无','无',0),('U201413309','232F297A57A5A743894A0E4A801FC3',0,'陆通','无','无',0),('U201413311','232F297A57A5A743894A0E4A801FC3',0,'金敏玉','无','无',0),('U201413312','232F297A57A5A743894A0E4A801FC3',0,'柴原','无','无',0),('U201413314','232F297A57A5A743894A0E4A801FC3',0,'王韦韦','无','无',0),('U201413315','232F297A57A5A743894A0E4A801FC3',0,'于瑞泽','无','无',0),('U201413316','232F297A57A5A743894A0E4A801FC3',0,'宋威龙','无','无',0),('U201413317','232F297A57A5A743894A0E4A801FC3',0,'屠子睿','无','无',0),('U201413318','232F297A57A5A743894A0E4A801FC3',0,'黄小松','无','无',0),('U201413319','232F297A57A5A743894A0E4A801FC3',0,'詹求松','无','无',0),('U201413320','232F297A57A5A743894A0E4A801FC3',0,'邹志盛','无','无',0),('U201413321','232F297A57A5A743894A0E4A801FC3',0,'任俊宇','无','无',0),('U201413322','232F297A57A5A743894A0E4A801FC3',0,'周强','无','无',0),('U201413325','232F297A57A5A743894A0E4A801FC3',0,'钱毅','无','无',0),('U201413326','232F297A57A5A743894A0E4A801FC3',0,'邓宏坤','无','无',0),('U201413327','232F297A57A5A743894A0E4A801FC3',0,'曾令康','无','无',0),('U201413328','232F297A57A5A743894A0E4A801FC3',0,'施超祥','无','无',0),('U201413331','232F297A57A5A743894A0E4A801FC3',0,'单勇','无','无',0),('U201413332','232F297A57A5A743894A0E4A801FC3',0,'郭春麟','无','无',0),('U201413333','232F297A57A5A743894A0E4A801FC3',0,'苏海峰','无','无',0),('U201413335','232F297A57A5A743894A0E4A801FC3',0,'谭兆恺','无','无',0),('U201413336','232F297A57A5A743894A0E4A801FC3',0,'奴力','无','无',0),('U201413337','232F297A57A5A743894A0E4A801FC3',0,'李婧怡','无','无',0),('U201413338','232F297A57A5A743894A0E4A801FC3',0,'龚晋瑜','无','无',0),('U201413339','232F297A57A5A743894A0E4A801FC3',0,'李雨桐','无','无',0),('U201413340','232F297A57A5A743894A0E4A801FC3',0,'曾小玲','无','无',0),('U201413341','232F297A57A5A743894A0E4A801FC3',0,'李文倩','无','无',0),('U201413342','232F297A57A5A743894A0E4A801FC3',0,'张蕊璞','无','无',0),('U201413343','232F297A57A5A743894A0E4A801FC3',0,'谷欣雨','无','无',0),('U201413344','232F297A57A5A743894A0E4A801FC3',0,'于金宁','无','无',0),('U201413345','232F297A57A5A743894A0E4A801FC3',0,'施焘','无','无',0),('U201413346','232F297A57A5A743894A0E4A801FC3',0,'梁俊辉','无','无',0),('U201413347','232F297A57A5A743894A0E4A801FC3',0,'吕昊','无','无',0),('U201413348','232F297A57A5A743894A0E4A801FC3',0,'张化昀','无','无',0),('U201413349','232F297A57A5A743894A0E4A801FC3',0,'侯少华','无','无',0),('U201413350','232F297A57A5A743894A0E4A801FC3',0,'孙翔宇','无','无',0),('U201413351','232F297A57A5A743894A0E4A801FC3',0,'王宇飞','无','无',0),('U201413352','232F297A57A5A743894A0E4A801FC3',0,'许世衡','无','无',0),('U201413354','232F297A57A5A743894A0E4A801FC3',0,'侯帅辉','无','无',0),('U201413356','232F297A57A5A743894A0E4A801FC3',0,'余子阳','无','无',0),('U201413357','232F297A57A5A743894A0E4A801FC3',0,'戴官正','无','无',0),('U201413358','232F297A57A5A743894A0E4A801FC3',0,'龙金华','无','无',0),('U201413359','232F297A57A5A743894A0E4A801FC3',0,'刘严','无','无',0),('U201413360','232F297A57A5A743894A0E4A801FC3',0,'阳海浪','无','无',0),('U201413361','232F297A57A5A743894A0E4A801FC3',0,'朱文宇','无','无',0),('U201413362','232F297A57A5A743894A0E4A801FC3',0,'杨杰','无','无',0),('U201413363','232F297A57A5A743894A0E4A801FC3',0,'冯亚琨','无','无',0),('U201413364','232F297A57A5A743894A0E4A801FC3',0,'李祥','无','无',0),('U201410191','232F297A57A5A743894A0E4A801FC3',0,'罗浩波','无','无',0),('U201410397','232F297A57A5A743894A0E4A801FC3',0,'李惟时','无','无',0),('U201410426','232F297A57A5A743894A0E4A801FC3',0,'吉劭华','无','无',0),('U201410897','232F297A57A5A743894A0E4A801FC3',0,'秦天','无','无',0),('U201410901','232F297A57A5A743894A0E4A801FC3',0,'周潇','无','无',0),('U201415770','232F297A57A5A743894A0E4A801FC3',0,'潘柔安','无','无',0),('U201415771','232F297A57A5A743894A0E4A801FC3',0,'周成天','无','无',0),('U201415773','232F297A57A5A743894A0E4A801FC3',0,'郎丽红','无','无',0),('U201415774','232F297A57A5A743894A0E4A801FC3',0,'胡萌','无','无',0),('U201415775','232F297A57A5A743894A0E4A801FC3',0,'王宸章','无','无',0),('U201415777','232F297A57A5A743894A0E4A801FC3',0,'赵暄','无','无',0),('U201415778','232F297A57A5A743894A0E4A801FC3',0,'薛松','无','无',0),('U201415779','232F297A57A5A743894A0E4A801FC3',0,'高钰琪','无','无',0),('U201415780','232F297A57A5A743894A0E4A801FC3',0,'章楠','无','无',0),('U201415781','232F297A57A5A743894A0E4A801FC3',0,'刘鹏盛','无','无',0),('U201415782','232F297A57A5A743894A0E4A801FC3',0,'金亦玮','无','无',0),('U201415783','232F297A57A5A743894A0E4A801FC3',0,'邬联群','无','无',0),('U201415784','232F297A57A5A743894A0E4A801FC3',0,'刘明阳','无','无',0),('U201415785','232F297A57A5A743894A0E4A801FC3',0,'李子逸','无','无',0),('U201415786','232F297A57A5A743894A0E4A801FC3',0,'张彪','无','无',0),('U201415788','232F297A57A5A743894A0E4A801FC3',0,'杜诚博','无','无',0),('U201415789','232F297A57A5A743894A0E4A801FC3',0,'白传涛','无','无',0),('U201415791','232F297A57A5A743894A0E4A801FC3',0,'刘泽曦','无','无',0),('U201415792','232F297A57A5A743894A0E4A801FC3',0,'周悦','无','无',0),('U201415793','232F297A57A5A743894A0E4A801FC3',0,'罗振宇','无','无',0),('U201415794','232F297A57A5A743894A0E4A801FC3',0,'曹寿裕','无','无',0),('U201415795','232F297A57A5A743894A0E4A801FC3',0,'罗庆岩','无','无',0),('U201415796','232F297A57A5A743894A0E4A801FC3',0,'保恒','无','无',0),('U201415797','232F297A57A5A743894A0E4A801FC3',0,'袁嘉琦','无','无',0),('U201415798','232F297A57A5A743894A0E4A801FC3',0,'王旭成','无','无',0),('U201415799','232F297A57A5A743894A0E4A801FC3',0,'洛珠加措','无','无',0),('U201416627','232F297A57A5A743894A0E4A801FC3',0,'王明昊','无','无',0),('U201415800','232F297A57A5A743894A0E4A801FC3',0,'萨仁其其格','无','无',0),('U201415801','232F297A57A5A743894A0E4A801FC3',0,'党乐','无','无',0),('U201415802','232F297A57A5A743894A0E4A801FC3',0,'邵逸','无','无',0),('U201415803','232F297A57A5A743894A0E4A801FC3',0,'李苏霖','无','无',0),('U201415804','232F297A57A5A743894A0E4A801FC3',0,'江鎞倩','无','无',0),('U201415805','232F297A57A5A743894A0E4A801FC3',0,'朱茜琳','无','无',0),('U201415806','232F297A57A5A743894A0E4A801FC3',0,'戴凌云','无','无',0),('U201415807','232F297A57A5A743894A0E4A801FC3',0,'尹孟钰','无','无',0),('U201415808','232F297A57A5A743894A0E4A801FC3',0,'昝齐凯','无','无',0),('U201415809','232F297A57A5A743894A0E4A801FC3',0,'乌云嘎','无','无',0),('U201415810','232F297A57A5A743894A0E4A801FC3',0,'王培林','无','无',0),('U201415812','232F297A57A5A743894A0E4A801FC3',0,'凌思通','无','无',0),('U201415813','232F297A57A5A743894A0E4A801FC3',0,'钟灏','无','无',0),('U201415815','232F297A57A5A743894A0E4A801FC3',0,'胡家琦','无','无',0),('U201415816','232F297A57A5A743894A0E4A801FC3',0,'李炎臣','无','无',0),('U201415817','232F297A57A5A743894A0E4A801FC3',0,'丁一凡','无','无',0),('U201415818','232F297A57A5A743894A0E4A801FC3',0,'夏啸天','无','无',0),('U201415819','232F297A57A5A743894A0E4A801FC3',0,'叶启明','无','无',0),('U201415820','232F297A57A5A743894A0E4A801FC3',0,'聂宏程','无','无',0),('U201415821','232F297A57A5A743894A0E4A801FC3',0,'侯越斌','无','无',0),('U201415822','232F297A57A5A743894A0E4A801FC3',0,'冷康鑫','无','无',0),('U201415823','232F297A57A5A743894A0E4A801FC3',0,'唐幼之','无','无',0),('U201415824','232F297A57A5A743894A0E4A801FC3',0,'黄家全','无','无',0),('U201415825','232F297A57A5A743894A0E4A801FC3',0,'彭琳','无','无',0),('U201415826','232F297A57A5A743894A0E4A801FC3',0,'周济','无','无',0),('U201415827','232F297A57A5A743894A0E4A801FC3',0,'丁新','无','无',0),('U201415828','232F297A57A5A743894A0E4A801FC3',0,'武春生','无','无',0),('U201415829','232F297A57A5A743894A0E4A801FC3',0,'马忠华','无','无',0),('U201415830','232F297A57A5A743894A0E4A801FC3',0,'嘎玛索朗扎西','无','无',0),('U201416048','232F297A57A5A743894A0E4A801FC3',0,'徐连','无','无',0),('M201470096','2CB962AC59075B964B07152D234B70',8,'明云龙','尚无','没有什么',9),('M201470097','2CB962AC59075B964B07152D234B70',1,'小明','尚无','无',7);

/*!40101 SET SQL_MODE=@OLD_SQL_MODE */;
/*!40014 SET FOREIGN_KEY_CHECKS=@OLD_FOREIGN_KEY_CHECKS */;
/*!40014 SET UNIQUE_CHECKS=@OLD_UNIQUE_CHECKS */;
/*!40111 SET SQL_NOTES=@OLD_SQL_NOTES */;
